Test Size,Criterion,Splitter,Max Depth,Score,STDEV,MEAN
0.1,gini,best,5.0,0.0761904761904762,14.45683229480096,7
0.1,gini,best,6.0,0.05714285714285714,14.212670403551895,7
0.1,gini,best,7.0,0.047619047619047616,14.38749456993816,6
0.1,gini,best,8.0,0.05714285714285714,14.422205101855956,6
0.1,gini,best,9.0,0.06666666666666667,14.594519519326424,5
0.1,gini,best,10.0,0.05714285714285714,14.730919862656235,5
0.1,gini,best,11.0,0.05714285714285714,14.66287829861518,5
0.1,gini,best,12.0,0.06666666666666667,14.560219778561036,5
0.1,gini,best,13.0,0.06666666666666667,14.52583904633395,5
0.1,gini,best,14.0,0.06666666666666667,14.696938456699069,5
0.1,gini,best,15.0,0.06666666666666667,14.866068747318506,5
0.1,gini,best,16.0,0.06666666666666667,14.89966442575134,4
0.1,gini,best,17.0,0.06666666666666667,14.966629547095765,4
0.1,gini,best,18.0,0.06666666666666667,15.0,4
0.1,gini,best,19.0,0.06666666666666667,15.033296378372908,4
0.1,gini,best,20.0,0.06666666666666667,15.066519173319364,4
0.1,gini,best,21.0,0.06666666666666667,15.0996688705415,4
0.1,gini,best,22.0,0.06666666666666667,15.0996688705415,4
0.1,gini,best,23.0,0.06666666666666667,15.132745950421556,4
0.1,gini,best,24.0,0.06666666666666667,15.165750888103101,4
0.1,gini,best,25.0,0.06666666666666667,15.165750888103101,4
0.1,gini,best,26.0,0.06666666666666667,15.198684153570664,4
0.1,gini,best,27.0,0.06666666666666667,15.198684153570664,4
0.1,gini,best,28.0,0.06666666666666667,15.198684153570664,4
0.1,gini,best,29.0,0.06666666666666667,15.231546211727817,4
0.1,gini,best,30.0,0.06666666666666667,15.231546211727817,4
0.1,gini,best,31.0,0.06666666666666667,15.231546211727817,4
0.1,gini,best,32.0,0.06666666666666667,15.264337522473747,4
0.1,gini,best,33.0,0.06666666666666667,15.264337522473747,4
0.1,gini,best,34.0,0.06666666666666667,15.264337522473747,4
0.1,gini,best,35.0,0.06666666666666667,15.264337522473747,4
0.1,gini,random,5.0,0.06666666666666667,15.264337522473747,4
0.1,gini,random,6.0,0.0761904761904762,15.198684153570664,4
0.1,gini,random,7.0,0.047619047619047616,15.132745950421556,4
0.1,gini,random,8.0,0.05714285714285714,15.066519173319364,4
0.1,gini,random,9.0,0.0761904761904762,15.066519173319364,4
0.1,gini,random,10.0,0.047619047619047616,15.066519173319364,4
0.1,gini,random,11.0,0.05714285714285714,15.0996688705415,4
0.1,gini,random,12.0,0.05714285714285714,15.0996688705415,4
0.1,gini,random,13.0,0.047619047619047616,15.132745950421556,4
0.1,gini,random,14.0,0.047619047619047616,15.165750888103101,4
0.1,gini,random,15.0,0.047619047619047616,15.165750888103101,4
0.1,gini,random,16.0,0.047619047619047616,15.198684153570664,4
0.1,gini,random,17.0,0.047619047619047616,15.231546211727817,4
0.1,gini,random,18.0,0.047619047619047616,15.264337522473747,4
0.1,gini,random,19.0,0.047619047619047616,15.297058540778355,4
0.1,gini,random,20.0,0.047619047619047616,15.297058540778355,4
0.1,gini,random,21.0,0.047619047619047616,15.329709716755891,4
0.1,gini,random,22.0,0.047619047619047616,15.362291495737216,4
0.1,gini,random,23.0,0.047619047619047616,15.362291495737216,4
0.1,gini,random,24.0,0.047619047619047616,15.394804318340652,4
0.1,gini,random,25.0,0.047619047619047616,15.394804318340652,4
0.1,gini,random,26.0,0.047619047619047616,15.427248620541512,4
0.1,gini,random,27.0,0.047619047619047616,15.427248620541512,4
0.1,gini,random,28.0,0.047619047619047616,15.459624833740307,4
0.1,gini,random,29.0,0.047619047619047616,15.459624833740307,4
0.1,gini,random,30.0,0.047619047619047616,15.491933384829668,4
0.1,gini,random,31.0,0.047619047619047616,15.491933384829668,4
0.1,gini,random,32.0,0.047619047619047616,15.524174696260024,4
0.1,gini,random,33.0,0.047619047619047616,15.524174696260024,4
0.1,gini,random,34.0,0.047619047619047616,15.556349186104045,4
0.1,gini,random,35.0,0.047619047619047616,15.556349186104045,4
0.1,entropy,best,5.0,0.05714285714285714,15.588457268119896,4
0.1,entropy,best,6.0,0.05714285714285714,15.588457268119896,4
0.1,entropy,best,7.0,0.047619047619047616,15.556349186104045,4
0.1,entropy,best,8.0,0.047619047619047616,15.556349186104045,4
0.1,entropy,best,9.0,0.06666666666666667,15.556349186104045,4
0.1,entropy,best,10.0,0.05714285714285714,15.556349186104045,4
0.1,entropy,best,11.0,0.05714285714285714,15.556349186104045,4
0.1,entropy,best,12.0,0.06666666666666667,15.556349186104045,4
0.1,entropy,best,13.0,0.06666666666666667,15.556349186104045,4
0.1,entropy,best,14.0,0.06666666666666667,15.556349186104045,4
0.1,entropy,best,15.0,0.06666666666666667,15.556349186104045,4
0.1,entropy,best,16.0,0.06666666666666667,15.556349186104045,4
0.1,entropy,best,17.0,0.06666666666666667,15.556349186104045,4
0.1,entropy,best,18.0,0.06666666666666667,15.556349186104045,4
0.1,entropy,best,19.0,0.06666666666666667,15.556349186104045,4
0.1,entropy,best,20.0,0.06666666666666667,15.556349186104045,4
0.1,entropy,best,21.0,0.06666666666666667,15.556349186104045,4
0.1,entropy,best,22.0,0.06666666666666667,15.556349186104045,4
0.1,entropy,best,23.0,0.06666666666666667,15.556349186104045,4
0.1,entropy,best,24.0,0.06666666666666667,15.556349186104045,4
0.1,entropy,best,25.0,0.06666666666666667,15.556349186104045,4
0.1,entropy,best,26.0,0.06666666666666667,15.556349186104045,4
0.1,entropy,best,27.0,0.06666666666666667,15.556349186104045,4
0.1,entropy,best,28.0,0.06666666666666667,15.556349186104045,4
0.1,entropy,best,29.0,0.06666666666666667,15.556349186104045,4
0.1,entropy,best,30.0,0.06666666666666667,15.556349186104045,4
0.1,entropy,best,31.0,0.06666666666666667,15.556349186104045,4
0.1,entropy,best,32.0,0.06666666666666667,15.556349186104045,4
0.1,entropy,best,33.0,0.06666666666666667,15.556349186104045,4
0.1,entropy,best,34.0,0.06666666666666667,15.556349186104045,4
0.1,entropy,best,35.0,0.06666666666666667,15.556349186104045,4
0.1,entropy,random,5.0,0.05714285714285714,15.556349186104045,4
0.1,entropy,random,6.0,0.047619047619047616,15.556349186104045,4
0.1,entropy,random,7.0,0.05714285714285714,15.556349186104045,4
0.1,entropy,random,8.0,0.047619047619047616,15.556349186104045,4
0.1,entropy,random,9.0,0.047619047619047616,15.556349186104045,4
0.1,entropy,random,10.0,0.05714285714285714,15.556349186104045,4
0.1,entropy,random,11.0,0.0761904761904762,15.556349186104045,4
0.1,entropy,random,12.0,0.06666666666666667,15.556349186104045,4
0.1,entropy,random,13.0,0.05714285714285714,15.556349186104045,4
0.1,entropy,random,14.0,0.06666666666666667,15.556349186104045,4
0.1,entropy,random,15.0,0.06666666666666667,15.556349186104045,4
0.1,entropy,random,16.0,0.06666666666666667,15.556349186104045,4
0.1,entropy,random,17.0,0.05714285714285714,15.588457268119896,4
0.1,entropy,random,18.0,0.05714285714285714,15.588457268119896,4
0.1,entropy,random,19.0,0.05714285714285714,15.620499351813308,4
0.1,entropy,random,20.0,0.05714285714285714,15.620499351813308,4
0.1,entropy,random,21.0,0.05714285714285714,15.620499351813308,4
0.1,entropy,random,22.0,0.05714285714285714,15.652475842498529,4
0.1,entropy,random,23.0,0.05714285714285714,15.652475842498529,4
0.1,entropy,random,24.0,0.05714285714285714,15.684387141358123,4
0.1,entropy,random,25.0,0.05714285714285714,15.684387141358123,4
0.1,entropy,random,26.0,0.05714285714285714,15.684387141358123,4
0.1,entropy,random,27.0,0.05714285714285714,15.716233645501712,4
0.1,entropy,random,28.0,0.05714285714285714,15.716233645501712,4
0.1,entropy,random,29.0,0.05714285714285714,15.716233645501712,4
0.1,entropy,random,30.0,0.05714285714285714,15.748015748023622,4
0.1,entropy,random,31.0,0.05714285714285714,15.748015748023622,4
0.1,entropy,random,32.0,0.05714285714285714,15.748015748023622,4
0.1,entropy,random,33.0,0.05714285714285714,15.7797338380595,4
0.1,entropy,random,34.0,0.05714285714285714,15.7797338380595,4
0.1,entropy,random,35.0,0.05714285714285714,15.7797338380595,4
0.2,gini,best,5.0,0.03333333333333333,15.748015748023622,4
0.2,gini,best,6.0,0.04285714285714286,15.748015748023622,4
0.2,gini,best,7.0,0.0380952380952381,15.716233645501712,4
0.2,gini,best,8.0,0.0380952380952381,15.716233645501712,4
0.2,gini,best,9.0,0.023809523809523808,15.716233645501712,4
0.2,gini,best,10.0,0.0380952380952381,15.684387141358123,4
0.2,gini,best,11.0,0.0380952380952381,15.684387141358123,4
0.2,gini,best,12.0,0.0380952380952381,15.684387141358123,4
0.2,gini,best,13.0,0.0380952380952381,15.684387141358123,4
0.2,gini,best,14.0,0.0380952380952381,15.684387141358123,4
0.2,gini,best,15.0,0.0380952380952381,15.684387141358123,4
0.2,gini,best,16.0,0.0380952380952381,15.684387141358123,4
0.2,gini,best,17.0,0.0380952380952381,15.652475842498529,4
0.2,gini,best,18.0,0.0380952380952381,15.652475842498529,4
0.2,gini,best,19.0,0.0380952380952381,15.652475842498529,4
0.2,gini,best,20.0,0.0380952380952381,15.652475842498529,4
0.2,gini,best,21.0,0.0380952380952381,15.652475842498529,4
0.2,gini,best,22.0,0.0380952380952381,15.652475842498529,4
0.2,gini,best,23.0,0.0380952380952381,15.620499351813308,4
0.2,gini,best,24.0,0.0380952380952381,15.620499351813308,4
0.2,gini,best,25.0,0.0380952380952381,15.620499351813308,4
0.2,gini,best,26.0,0.0380952380952381,15.620499351813308,4
0.2,gini,best,27.0,0.0380952380952381,15.620499351813308,4
0.2,gini,best,28.0,0.0380952380952381,15.620499351813308,4
0.2,gini,best,29.0,0.0380952380952381,15.620499351813308,4
0.2,gini,best,30.0,0.0380952380952381,15.620499351813308,4
0.2,gini,best,31.0,0.0380952380952381,15.588457268119896,4
0.2,gini,best,32.0,0.0380952380952381,15.588457268119896,4
0.2,gini,best,33.0,0.0380952380952381,15.588457268119896,4
0.2,gini,best,34.0,0.0380952380952381,15.588457268119896,4
0.2,gini,best,35.0,0.0380952380952381,15.588457268119896,4
0.2,gini,random,5.0,0.04285714285714286,15.588457268119896,4
0.2,gini,random,6.0,0.05714285714285714,15.588457268119896,4
0.2,gini,random,7.0,0.0380952380952381,15.556349186104045,4
0.2,gini,random,8.0,0.03333333333333333,15.556349186104045,4
0.2,gini,random,9.0,0.03333333333333333,15.524174696260024,4
0.2,gini,random,10.0,0.03333333333333333,15.524174696260024,4
0.2,gini,random,11.0,0.0380952380952381,15.524174696260024,4
0.2,gini,random,12.0,0.03333333333333333,15.524174696260024,4
0.2,gini,random,13.0,0.0380952380952381,15.524174696260024,4
0.2,gini,random,14.0,0.03333333333333333,15.524174696260024,4
0.2,gini,random,15.0,0.0380952380952381,15.524174696260024,4
0.2,gini,random,16.0,0.0380952380952381,15.524174696260024,4
0.2,gini,random,17.0,0.0380952380952381,15.524174696260024,4
0.2,gini,random,18.0,0.0380952380952381,15.524174696260024,4
0.2,gini,random,19.0,0.0380952380952381,15.524174696260024,4
0.2,gini,random,20.0,0.0380952380952381,15.524174696260024,4
0.2,gini,random,21.0,0.0380952380952381,15.524174696260024,4
0.2,gini,random,22.0,0.0380952380952381,15.524174696260024,4
0.2,gini,random,23.0,0.0380952380952381,15.491933384829668,4
0.2,gini,random,24.0,0.0380952380952381,15.491933384829668,4
0.2,gini,random,25.0,0.0380952380952381,15.491933384829668,4
0.2,gini,random,26.0,0.0380952380952381,15.491933384829668,4
0.2,gini,random,27.0,0.0380952380952381,15.491933384829668,4
0.2,gini,random,28.0,0.0380952380952381,15.491933384829668,4
0.2,gini,random,29.0,0.0380952380952381,15.491933384829668,4
0.2,gini,random,30.0,0.0380952380952381,15.491933384829668,4
0.2,gini,random,31.0,0.0380952380952381,15.491933384829668,4
0.2,gini,random,32.0,0.0380952380952381,15.491933384829668,4
0.2,gini,random,33.0,0.0380952380952381,15.491933384829668,4
0.2,gini,random,34.0,0.0380952380952381,15.459624833740307,4
0.2,gini,random,35.0,0.0380952380952381,15.459624833740307,3
0.2,entropy,best,5.0,0.05238095238095238,15.459624833740307,4
0.2,entropy,best,6.0,0.047619047619047616,15.459624833740307,4
0.2,entropy,best,7.0,0.03333333333333333,15.459624833740307,4
0.2,entropy,best,8.0,0.0380952380952381,15.459624833740307,4
0.2,entropy,best,9.0,0.0380952380952381,15.459624833740307,4
0.2,entropy,best,10.0,0.0380952380952381,15.459624833740307,4
0.2,entropy,best,11.0,0.0380952380952381,15.459624833740307,4
0.2,entropy,best,12.0,0.0380952380952381,15.459624833740307,4
0.2,entropy,best,13.0,0.0380952380952381,15.459624833740307,4
0.2,entropy,best,14.0,0.0380952380952381,15.459624833740307,4
0.2,entropy,best,15.0,0.0380952380952381,15.459624833740307,4
0.2,entropy,best,16.0,0.0380952380952381,15.459624833740307,4
0.2,entropy,best,17.0,0.0380952380952381,15.459624833740307,4
0.2,entropy,best,18.0,0.0380952380952381,15.459624833740307,4
0.2,entropy,best,19.0,0.0380952380952381,15.459624833740307,4
0.2,entropy,best,20.0,0.0380952380952381,15.459624833740307,4
0.2,entropy,best,21.0,0.0380952380952381,15.459624833740307,4
0.2,entropy,best,22.0,0.0380952380952381,15.459624833740307,4
0.2,entropy,best,23.0,0.0380952380952381,15.459624833740307,4
0.2,entropy,best,24.0,0.0380952380952381,15.459624833740307,4
0.2,entropy,best,25.0,0.0380952380952381,15.459624833740307,4
0.2,entropy,best,26.0,0.0380952380952381,15.459624833740307,4
0.2,entropy,best,27.0,0.0380952380952381,15.459624833740307,4
0.2,entropy,best,28.0,0.0380952380952381,15.459624833740307,4
0.2,entropy,best,29.0,0.0380952380952381,15.459624833740307,4
0.2,entropy,best,30.0,0.0380952380952381,15.459624833740307,4
0.2,entropy,best,31.0,0.0380952380952381,15.459624833740307,4
0.2,entropy,best,32.0,0.0380952380952381,15.459624833740307,4
0.2,entropy,best,33.0,0.0380952380952381,15.459624833740307,4
0.2,entropy,best,34.0,0.0380952380952381,15.459624833740307,4
0.2,entropy,best,35.0,0.0380952380952381,15.459624833740307,4
0.2,entropy,random,5.0,0.047619047619047616,15.459624833740307,4
0.2,entropy,random,6.0,0.05238095238095238,15.459624833740307,4
0.2,entropy,random,7.0,0.0380952380952381,15.459624833740307,4
0.2,entropy,random,8.0,0.04285714285714286,15.459624833740307,4
0.2,entropy,random,9.0,0.0380952380952381,15.459624833740307,4
0.2,entropy,random,10.0,0.03333333333333333,15.459624833740307,4
0.2,entropy,random,11.0,0.0380952380952381,15.427248620541512,4
0.2,entropy,random,12.0,0.03333333333333333,15.427248620541512,4
0.2,entropy,random,13.0,0.03333333333333333,15.427248620541512,4
0.2,entropy,random,14.0,0.03333333333333333,15.427248620541512,4
0.2,entropy,random,15.0,0.03333333333333333,15.427248620541512,4
0.2,entropy,random,16.0,0.0380952380952381,15.427248620541512,4
0.2,entropy,random,17.0,0.0380952380952381,15.427248620541512,4
0.2,entropy,random,18.0,0.0380952380952381,15.427248620541512,4
0.2,entropy,random,19.0,0.0380952380952381,15.427248620541512,4
0.2,entropy,random,20.0,0.0380952380952381,15.427248620541512,4
0.2,entropy,random,21.0,0.0380952380952381,15.427248620541512,3
0.2,entropy,random,22.0,0.0380952380952381,15.427248620541512,3
0.2,entropy,random,23.0,0.0380952380952381,15.427248620541512,3
0.2,entropy,random,24.0,0.0380952380952381,15.427248620541512,3
0.2,entropy,random,25.0,0.0380952380952381,15.427248620541512,3
0.2,entropy,random,26.0,0.0380952380952381,15.394804318340652,3
0.2,entropy,random,27.0,0.0380952380952381,15.394804318340652,3
0.2,entropy,random,28.0,0.0380952380952381,15.394804318340652,3
0.2,entropy,random,29.0,0.0380952380952381,15.394804318340652,3
0.2,entropy,random,30.0,0.0380952380952381,15.394804318340652,3
0.2,entropy,random,31.0,0.0380952380952381,15.394804318340652,3
0.2,entropy,random,32.0,0.0380952380952381,15.394804318340652,3
0.2,entropy,random,33.0,0.0380952380952381,15.394804318340652,3
0.2,entropy,random,34.0,0.0380952380952381,15.394804318340652,3
0.2,entropy,random,35.0,0.0380952380952381,15.394804318340652,3
0.30000000000000004,gini,best,5.0,0.041401273885350316,15.394804318340652,3
0.30000000000000004,gini,best,6.0,0.041401273885350316,15.394804318340652,4
0.30000000000000004,gini,best,7.0,0.03821656050955414,15.394804318340652,4
0.30000000000000004,gini,best,8.0,0.03821656050955414,15.394804318340652,4
0.30000000000000004,gini,best,9.0,0.03821656050955414,15.394804318340652,4
0.30000000000000004,gini,best,10.0,0.044585987261146494,15.394804318340652,4
0.30000000000000004,gini,best,11.0,0.044585987261146494,15.394804318340652,4
0.30000000000000004,gini,best,12.0,0.044585987261146494,15.362291495737216,4
0.30000000000000004,gini,best,13.0,0.044585987261146494,15.362291495737216,4
0.30000000000000004,gini,best,14.0,0.04777070063694268,15.362291495737216,4
0.30000000000000004,gini,best,15.0,0.04777070063694268,15.362291495737216,4
0.30000000000000004,gini,best,16.0,0.044585987261146494,15.362291495737216,4
0.30000000000000004,gini,best,17.0,0.044585987261146494,15.362291495737216,4
0.30000000000000004,gini,best,18.0,0.04777070063694268,15.362291495737216,4
0.30000000000000004,gini,best,19.0,0.04777070063694268,15.362291495737216,4
0.30000000000000004,gini,best,20.0,0.050955414012738856,15.362291495737216,4
0.30000000000000004,gini,best,21.0,0.04777070063694268,15.362291495737216,4
0.30000000000000004,gini,best,22.0,0.04777070063694268,15.329709716755891,4
0.30000000000000004,gini,best,23.0,0.04777070063694268,15.329709716755891,4
0.30000000000000004,gini,best,24.0,0.04777070063694268,15.329709716755891,4
0.30000000000000004,gini,best,25.0,0.04777070063694268,15.329709716755891,4
0.30000000000000004,gini,best,26.0,0.04777070063694268,15.329709716755891,4
0.30000000000000004,gini,best,27.0,0.04777070063694268,15.329709716755891,4
0.30000000000000004,gini,best,28.0,0.04777070063694268,15.329709716755891,4
0.30000000000000004,gini,best,29.0,0.04777070063694268,15.329709716755891,4
0.30000000000000004,gini,best,30.0,0.04777070063694268,15.329709716755891,4
0.30000000000000004,gini,best,31.0,0.04777070063694268,15.297058540778355,4
0.30000000000000004,gini,best,32.0,0.04777070063694268,15.297058540778355,4
0.30000000000000004,gini,best,33.0,0.04777070063694268,15.297058540778355,4
0.30000000000000004,gini,best,34.0,0.04777070063694268,15.297058540778355,4
0.30000000000000004,gini,best,35.0,0.04777070063694268,15.297058540778355,4
0.30000000000000004,gini,random,5.0,0.03184713375796178,15.297058540778355,4
0.30000000000000004,gini,random,6.0,0.050955414012738856,15.297058540778355,4
0.30000000000000004,gini,random,7.0,0.03503184713375796,15.297058540778355,4
0.30000000000000004,gini,random,8.0,0.03821656050955414,15.297058540778355,4
0.30000000000000004,gini,random,9.0,0.044585987261146494,15.297058540778355,4
0.30000000000000004,gini,random,10.0,0.03821656050955414,15.297058540778355,4
0.30000000000000004,gini,random,11.0,0.03503184713375796,15.297058540778355,4
0.30000000000000004,gini,random,12.0,0.041401273885350316,15.297058540778355,4
0.30000000000000004,gini,random,13.0,0.041401273885350316,15.297058540778355,4
0.30000000000000004,gini,random,14.0,0.044585987261146494,15.297058540778355,4
0.30000000000000004,gini,random,15.0,0.044585987261146494,15.297058540778355,4
0.30000000000000004,gini,random,16.0,0.044585987261146494,15.297058540778355,4
0.30000000000000004,gini,random,17.0,0.044585987261146494,15.297058540778355,4
0.30000000000000004,gini,random,18.0,0.044585987261146494,15.297058540778355,4
0.30000000000000004,gini,random,19.0,0.044585987261146494,15.297058540778355,4
0.30000000000000004,gini,random,20.0,0.044585987261146494,15.297058540778355,4
0.30000000000000004,gini,random,21.0,0.044585987261146494,15.297058540778355,4
0.30000000000000004,gini,random,22.0,0.044585987261146494,15.297058540778355,4
0.30000000000000004,gini,random,23.0,0.044585987261146494,15.297058540778355,4
0.30000000000000004,gini,random,24.0,0.044585987261146494,15.297058540778355,4
0.30000000000000004,gini,random,25.0,0.044585987261146494,15.297058540778355,4
0.30000000000000004,gini,random,26.0,0.044585987261146494,15.297058540778355,4
0.30000000000000004,gini,random,27.0,0.044585987261146494,15.297058540778355,4
0.30000000000000004,gini,random,28.0,0.044585987261146494,15.297058540778355,4
0.30000000000000004,gini,random,29.0,0.044585987261146494,15.297058540778355,4
0.30000000000000004,gini,random,30.0,0.044585987261146494,15.297058540778355,4
0.30000000000000004,gini,random,31.0,0.044585987261146494,15.297058540778355,4
0.30000000000000004,gini,random,32.0,0.044585987261146494,15.297058540778355,4
0.30000000000000004,gini,random,33.0,0.044585987261146494,15.297058540778355,4
0.30000000000000004,gini,random,34.0,0.044585987261146494,15.297058540778355,4
0.30000000000000004,gini,random,35.0,0.044585987261146494,15.297058540778355,4
0.30000000000000004,entropy,best,5.0,0.050955414012738856,15.329709716755891,4
0.30000000000000004,entropy,best,6.0,0.054140127388535034,15.297058540778355,4
0.30000000000000004,entropy,best,7.0,0.04777070063694268,15.297058540778355,4
0.30000000000000004,entropy,best,8.0,0.044585987261146494,15.297058540778355,4
0.30000000000000004,entropy,best,9.0,0.04777070063694268,15.329709716755891,4
0.30000000000000004,entropy,best,10.0,0.04777070063694268,15.329709716755891,4
0.30000000000000004,entropy,best,11.0,0.04777070063694268,15.329709716755891,4
0.30000000000000004,entropy,best,12.0,0.04777070063694268,15.329709716755891,4
0.30000000000000004,entropy,best,13.0,0.04777070063694268,15.329709716755891,4
0.30000000000000004,entropy,best,14.0,0.04777070063694268,15.329709716755891,4
0.30000000000000004,entropy,best,15.0,0.04777070063694268,15.329709716755891,4
0.30000000000000004,entropy,best,16.0,0.04777070063694268,15.329709716755891,4
0.30000000000000004,entropy,best,17.0,0.04777070063694268,15.329709716755891,4
0.30000000000000004,entropy,best,18.0,0.04777070063694268,15.329709716755891,4
0.30000000000000004,entropy,best,19.0,0.04777070063694268,15.329709716755891,4
0.30000000000000004,entropy,best,20.0,0.04777070063694268,15.329709716755891,4
0.30000000000000004,entropy,best,21.0,0.04777070063694268,15.329709716755891,4
0.30000000000000004,entropy,best,22.0,0.04777070063694268,15.329709716755891,4
0.30000000000000004,entropy,best,23.0,0.04777070063694268,15.329709716755891,4
0.30000000000000004,entropy,best,24.0,0.04777070063694268,15.329709716755891,4
0.30000000000000004,entropy,best,25.0,0.04777070063694268,15.329709716755891,4
0.30000000000000004,entropy,best,26.0,0.04777070063694268,15.329709716755891,4
0.30000000000000004,entropy,best,27.0,0.04777070063694268,15.329709716755891,4
0.30000000000000004,entropy,best,28.0,0.04777070063694268,15.362291495737216,4
0.30000000000000004,entropy,best,29.0,0.04777070063694268,15.362291495737216,4
0.30000000000000004,entropy,best,30.0,0.04777070063694268,15.362291495737216,4
0.30000000000000004,entropy,best,31.0,0.04777070063694268,15.362291495737216,4
0.30000000000000004,entropy,best,32.0,0.04777070063694268,15.362291495737216,4
0.30000000000000004,entropy,best,33.0,0.04777070063694268,15.362291495737216,4
0.30000000000000004,entropy,best,34.0,0.04777070063694268,15.362291495737216,4
0.30000000000000004,entropy,best,35.0,0.04777070063694268,15.362291495737216,4
0.30000000000000004,entropy,random,5.0,0.044585987261146494,15.362291495737216,4
0.30000000000000004,entropy,random,6.0,0.041401273885350316,15.362291495737216,4
0.30000000000000004,entropy,random,7.0,0.044585987261146494,15.362291495737216,4
0.30000000000000004,entropy,random,8.0,0.044585987261146494,15.362291495737216,4
0.30000000000000004,entropy,random,9.0,0.03503184713375796,15.362291495737216,4
0.30000000000000004,entropy,random,10.0,0.03821656050955414,15.362291495737216,4
0.30000000000000004,entropy,random,11.0,0.044585987261146494,15.362291495737216,4
0.30000000000000004,entropy,random,12.0,0.044585987261146494,15.362291495737216,4
0.30000000000000004,entropy,random,13.0,0.044585987261146494,15.362291495737216,4
0.30000000000000004,entropy,random,14.0,0.041401273885350316,15.362291495737216,4
0.30000000000000004,entropy,random,15.0,0.044585987261146494,15.362291495737216,4
0.30000000000000004,entropy,random,16.0,0.044585987261146494,15.362291495737216,4
0.30000000000000004,entropy,random,17.0,0.044585987261146494,15.362291495737216,4
0.30000000000000004,entropy,random,18.0,0.044585987261146494,15.362291495737216,4
0.30000000000000004,entropy,random,19.0,0.044585987261146494,15.362291495737216,4
0.30000000000000004,entropy,random,20.0,0.044585987261146494,15.362291495737216,4
0.30000000000000004,entropy,random,21.0,0.044585987261146494,15.362291495737216,4
0.30000000000000004,entropy,random,22.0,0.044585987261146494,15.362291495737216,4
0.30000000000000004,entropy,random,23.0,0.044585987261146494,15.362291495737216,4
0.30000000000000004,entropy,random,24.0,0.044585987261146494,15.362291495737216,4
0.30000000000000004,entropy,random,25.0,0.044585987261146494,15.362291495737216,4
0.30000000000000004,entropy,random,26.0,0.044585987261146494,15.362291495737216,4
0.30000000000000004,entropy,random,27.0,0.044585987261146494,15.362291495737216,4
0.30000000000000004,entropy,random,28.0,0.044585987261146494,15.362291495737216,4
0.30000000000000004,entropy,random,29.0,0.044585987261146494,15.362291495737216,4
0.30000000000000004,entropy,random,30.0,0.044585987261146494,15.362291495737216,4
0.30000000000000004,entropy,random,31.0,0.044585987261146494,15.362291495737216,4
0.30000000000000004,entropy,random,32.0,0.044585987261146494,15.362291495737216,4
0.30000000000000004,entropy,random,33.0,0.044585987261146494,15.362291495737216,4
0.30000000000000004,entropy,random,34.0,0.044585987261146494,15.362291495737216,4
0.30000000000000004,entropy,random,35.0,0.044585987261146494,15.362291495737216,4
0.4,gini,best,5.0,0.0477326968973747,15.362291495737216,4
0.4,gini,best,6.0,0.04295942720763723,15.362291495737216,4
0.4,gini,best,7.0,0.02386634844868735,15.362291495737216,4
0.4,gini,best,8.0,0.03341288782816229,15.362291495737216,4
0.4,gini,best,9.0,0.03341288782816229,15.362291495737216,4
0.4,gini,best,10.0,0.03341288782816229,15.362291495737216,4
0.4,gini,best,11.0,0.03579952267303103,15.362291495737216,4
0.4,gini,best,12.0,0.03579952267303103,15.362291495737216,4
0.4,gini,best,13.0,0.03579952267303103,15.362291495737216,4
0.4,gini,best,14.0,0.03341288782816229,15.329709716755891,4
0.4,gini,best,15.0,0.03579952267303103,15.329709716755891,4
0.4,gini,best,16.0,0.03579952267303103,15.329709716755891,4
0.4,gini,best,17.0,0.0405727923627685,15.329709716755891,4
0.4,gini,best,18.0,0.0405727923627685,15.329709716755891,4
0.4,gini,best,19.0,0.03818615751789976,15.329709716755891,4
0.4,gini,best,20.0,0.03818615751789976,15.329709716755891,4
0.4,gini,best,21.0,0.03818615751789976,15.329709716755891,4
0.4,gini,best,22.0,0.03818615751789976,15.329709716755891,4
0.4,gini,best,23.0,0.03818615751789976,15.329709716755891,4
0.4,gini,best,24.0,0.03818615751789976,15.329709716755891,4
0.4,gini,best,25.0,0.03818615751789976,15.329709716755891,4
0.4,gini,best,26.0,0.03818615751789976,15.329709716755891,4
0.4,gini,best,27.0,0.03818615751789976,15.329709716755891,4
0.4,gini,best,28.0,0.03818615751789976,15.329709716755891,4
0.4,gini,best,29.0,0.03818615751789976,15.329709716755891,4
0.4,gini,best,30.0,0.03818615751789976,15.329709716755891,4
0.4,gini,best,31.0,0.03818615751789976,15.329709716755891,4
0.4,gini,best,32.0,0.03818615751789976,15.329709716755891,4
0.4,gini,best,33.0,0.03818615751789976,15.329709716755891,4
0.4,gini,best,34.0,0.03818615751789976,15.329709716755891,4
0.4,gini,best,35.0,0.03818615751789976,15.329709716755891,4
0.4,gini,random,5.0,0.031026252983293555,15.329709716755891,4
0.4,gini,random,6.0,0.03818615751789976,15.329709716755891,4
0.4,gini,random,7.0,0.03579952267303103,15.329709716755891,4
0.4,gini,random,8.0,0.03818615751789976,15.329709716755891,4
0.4,gini,random,9.0,0.03579952267303103,15.329709716755891,4
0.4,gini,random,10.0,0.03818615751789976,15.329709716755891,4
0.4,gini,random,11.0,0.03579952267303103,15.329709716755891,4
0.4,gini,random,12.0,0.03341288782816229,15.329709716755891,4
0.4,gini,random,13.0,0.03818615751789976,15.329709716755891,4
0.4,gini,random,14.0,0.03579952267303103,15.329709716755891,4
0.4,gini,random,15.0,0.03579952267303103,15.329709716755891,4
0.4,gini,random,16.0,0.03579952267303103,15.329709716755891,4
0.4,gini,random,17.0,0.03579952267303103,15.329709716755891,4
0.4,gini,random,18.0,0.03579952267303103,15.329709716755891,4
0.4,gini,random,19.0,0.03579952267303103,15.329709716755891,4
0.4,gini,random,20.0,0.03579952267303103,15.329709716755891,4
0.4,gini,random,21.0,0.03579952267303103,15.329709716755891,4
0.4,gini,random,22.0,0.03579952267303103,15.329709716755891,4
0.4,gini,random,23.0,0.03579952267303103,15.329709716755891,4
0.4,gini,random,24.0,0.03579952267303103,15.329709716755891,4
0.4,gini,random,25.0,0.03579952267303103,15.329709716755891,4
0.4,gini,random,26.0,0.03579952267303103,15.329709716755891,4
0.4,gini,random,27.0,0.03579952267303103,15.329709716755891,4
0.4,gini,random,28.0,0.03579952267303103,15.329709716755891,4
0.4,gini,random,29.0,0.03579952267303103,15.329709716755891,4
0.4,gini,random,30.0,0.03579952267303103,15.329709716755891,4
0.4,gini,random,31.0,0.03579952267303103,15.329709716755891,4
0.4,gini,random,32.0,0.03579952267303103,15.329709716755891,4
0.4,gini,random,33.0,0.03579952267303103,15.329709716755891,4
0.4,gini,random,34.0,0.03579952267303103,15.329709716755891,4
0.4,gini,random,35.0,0.03579952267303103,15.329709716755891,4
0.4,entropy,best,5.0,0.04295942720763723,15.329709716755891,4
0.4,entropy,best,6.0,0.0405727923627685,15.329709716755891,4
0.4,entropy,best,7.0,0.03579952267303103,15.329709716755891,4
0.4,entropy,best,8.0,0.03818615751789976,15.329709716755891,4
0.4,entropy,best,9.0,0.03818615751789976,15.329709716755891,4
0.4,entropy,best,10.0,0.03818615751789976,15.329709716755891,4
0.4,entropy,best,11.0,0.03818615751789976,15.329709716755891,4
0.4,entropy,best,12.0,0.03818615751789976,15.329709716755891,4
0.4,entropy,best,13.0,0.03818615751789976,15.329709716755891,4
0.4,entropy,best,14.0,0.03818615751789976,15.329709716755891,4
0.4,entropy,best,15.0,0.03818615751789976,15.329709716755891,4
0.4,entropy,best,16.0,0.03818615751789976,15.329709716755891,4
0.4,entropy,best,17.0,0.03818615751789976,15.329709716755891,4
0.4,entropy,best,18.0,0.03818615751789976,15.329709716755891,4
0.4,entropy,best,19.0,0.03818615751789976,15.329709716755891,4
0.4,entropy,best,20.0,0.03818615751789976,15.329709716755891,4
0.4,entropy,best,21.0,0.03818615751789976,15.329709716755891,4
0.4,entropy,best,22.0,0.03818615751789976,15.329709716755891,4
0.4,entropy,best,23.0,0.03818615751789976,15.329709716755891,4
0.4,entropy,best,24.0,0.03818615751789976,15.329709716755891,4
0.4,entropy,best,25.0,0.03818615751789976,15.329709716755891,4
0.4,entropy,best,26.0,0.03818615751789976,15.329709716755891,5
0.4,entropy,best,27.0,0.03818615751789976,15.329709716755891,5
0.4,entropy,best,28.0,0.03818615751789976,15.329709716755891,5
0.4,entropy,best,29.0,0.03818615751789976,15.297058540778355,5
0.4,entropy,best,30.0,0.03818615751789976,15.297058540778355,5
0.4,entropy,best,31.0,0.03818615751789976,15.297058540778355,5
0.4,entropy,best,32.0,0.03818615751789976,15.297058540778355,5
0.4,entropy,best,33.0,0.03818615751789976,15.297058540778355,5
0.4,entropy,best,34.0,0.03818615751789976,15.297058540778355,5
0.4,entropy,best,35.0,0.03818615751789976,15.297058540778355,5
0.4,entropy,random,5.0,0.03579952267303103,15.297058540778355,5
0.4,entropy,random,6.0,0.0405727923627685,15.297058540778355,5
0.4,entropy,random,7.0,0.03818615751789976,15.297058540778355,5
0.4,entropy,random,8.0,0.03341288782816229,15.297058540778355,5
0.4,entropy,random,9.0,0.03579952267303103,15.297058540778355,5
0.4,entropy,random,10.0,0.03579952267303103,15.297058540778355,5
0.4,entropy,random,11.0,0.03579952267303103,15.297058540778355,5
0.4,entropy,random,12.0,0.03341288782816229,15.297058540778355,5
0.4,entropy,random,13.0,0.03579952267303103,15.297058540778355,5
0.4,entropy,random,14.0,0.03818615751789976,15.297058540778355,5
0.4,entropy,random,15.0,0.03818615751789976,15.297058540778355,5
0.4,entropy,random,16.0,0.03818615751789976,15.297058540778355,5
0.4,entropy,random,17.0,0.03818615751789976,15.297058540778355,5
0.4,entropy,random,18.0,0.03818615751789976,15.297058540778355,5
0.4,entropy,random,19.0,0.03818615751789976,15.297058540778355,5
0.4,entropy,random,20.0,0.03818615751789976,15.297058540778355,5
0.4,entropy,random,21.0,0.03818615751789976,15.297058540778355,5
0.4,entropy,random,22.0,0.03818615751789976,15.297058540778355,5
0.4,entropy,random,23.0,0.03818615751789976,15.297058540778355,5
0.4,entropy,random,24.0,0.03818615751789976,15.297058540778355,5
0.4,entropy,random,25.0,0.03818615751789976,15.297058540778355,5
0.4,entropy,random,26.0,0.03818615751789976,15.297058540778355,5
0.4,entropy,random,27.0,0.03818615751789976,15.297058540778355,5
0.4,entropy,random,28.0,0.03818615751789976,15.297058540778355,5
0.4,entropy,random,29.0,0.03818615751789976,15.297058540778355,5
0.4,entropy,random,30.0,0.03818615751789976,15.297058540778355,5
0.4,entropy,random,31.0,0.03818615751789976,15.297058540778355,5
0.4,entropy,random,32.0,0.03818615751789976,15.297058540778355,5
0.4,entropy,random,33.0,0.03818615751789976,15.297058540778355,5
0.4,entropy,random,34.0,0.03818615751789976,15.297058540778355,5
0.4,entropy,random,35.0,0.03818615751789976,15.264337522473747,5
0.5,gini,best,5.0,0.032504780114722756,15.297058540778355,5
0.5,gini,best,6.0,0.03441682600382409,15.297058540778355,5
0.5,gini,best,7.0,0.036328871892925434,15.264337522473747,5
0.5,gini,best,8.0,0.028680688336520075,15.264337522473747,5
0.5,gini,best,9.0,0.03441682600382409,15.264337522473747,5
0.5,gini,best,10.0,0.03441682600382409,15.264337522473747,5
0.5,gini,best,11.0,0.032504780114722756,15.264337522473747,5
0.5,gini,best,12.0,0.036328871892925434,15.264337522473747,5
0.5,gini,best,13.0,0.03441682600382409,15.264337522473747,5
0.5,gini,best,14.0,0.03824091778202677,15.264337522473747,5
0.5,gini,best,15.0,0.040152963671128104,15.264337522473747,5
0.5,gini,best,16.0,0.036328871892925434,15.264337522473747,5
0.5,gini,best,17.0,0.036328871892925434,15.264337522473747,5
0.5,gini,best,18.0,0.036328871892925434,15.264337522473747,5
0.5,gini,best,19.0,0.036328871892925434,15.264337522473747,5
0.5,gini,best,20.0,0.036328871892925434,15.264337522473747,5
0.5,gini,best,21.0,0.036328871892925434,15.264337522473747,5
0.5,gini,best,22.0,0.036328871892925434,15.264337522473747,5
0.5,gini,best,23.0,0.036328871892925434,15.264337522473747,5
0.5,gini,best,24.0,0.036328871892925434,15.264337522473747,5
0.5,gini,best,25.0,0.036328871892925434,15.264337522473747,5
0.5,gini,best,26.0,0.036328871892925434,15.264337522473747,5
0.5,gini,best,27.0,0.036328871892925434,15.264337522473747,5
0.5,gini,best,28.0,0.036328871892925434,15.264337522473747,5
0.5,gini,best,29.0,0.036328871892925434,15.264337522473747,5
0.5,gini,best,30.0,0.036328871892925434,15.264337522473747,5
0.5,gini,best,31.0,0.036328871892925434,15.264337522473747,5
0.5,gini,best,32.0,0.036328871892925434,15.264337522473747,5
0.5,gini,best,33.0,0.036328871892925434,15.264337522473747,5
0.5,gini,best,34.0,0.036328871892925434,15.264337522473747,5
0.5,gini,best,35.0,0.036328871892925434,15.264337522473747,5
0.5,gini,random,5.0,0.019120458891013385,15.264337522473747,5
0.5,gini,random,6.0,0.032504780114722756,15.264337522473747,5
0.5,gini,random,7.0,0.036328871892925434,15.264337522473747,5
0.5,gini,random,8.0,0.030592734225621414,15.264337522473747,5
0.5,gini,random,9.0,0.040152963671128104,15.264337522473747,5
0.5,gini,random,10.0,0.040152963671128104,15.264337522473747,5
0.5,gini,random,11.0,0.04206500956022945,15.264337522473747,5
0.5,gini,random,12.0,0.040152963671128104,15.264337522473747,5
0.5,gini,random,13.0,0.03824091778202677,15.264337522473747,5
0.5,gini,random,14.0,0.04206500956022945,15.264337522473747,5
0.5,gini,random,15.0,0.040152963671128104,15.264337522473747,5
0.5,gini,random,16.0,0.036328871892925434,15.264337522473747,5
0.5,gini,random,17.0,0.036328871892925434,15.264337522473747,5
0.5,gini,random,18.0,0.036328871892925434,15.264337522473747,5
0.5,gini,random,19.0,0.036328871892925434,15.264337522473747,5
0.5,gini,random,20.0,0.036328871892925434,15.264337522473747,5
0.5,gini,random,21.0,0.036328871892925434,15.264337522473747,5
0.5,gini,random,22.0,0.036328871892925434,15.264337522473747,5
0.5,gini,random,23.0,0.036328871892925434,15.264337522473747,5
0.5,gini,random,24.0,0.036328871892925434,15.264337522473747,5
0.5,gini,random,25.0,0.036328871892925434,15.264337522473747,5
0.5,gini,random,26.0,0.036328871892925434,15.264337522473747,5
0.5,gini,random,27.0,0.036328871892925434,15.264337522473747,5
0.5,gini,random,28.0,0.036328871892925434,15.264337522473747,5
0.5,gini,random,29.0,0.036328871892925434,15.264337522473747,5
0.5,gini,random,30.0,0.036328871892925434,15.264337522473747,5
0.5,gini,random,31.0,0.036328871892925434,15.264337522473747,5
0.5,gini,random,32.0,0.036328871892925434,15.264337522473747,5
0.5,gini,random,33.0,0.036328871892925434,15.264337522473747,5
0.5,gini,random,34.0,0.036328871892925434,15.264337522473747,5
0.5,gini,random,35.0,0.036328871892925434,15.264337522473747,5
0.5,entropy,best,5.0,0.03824091778202677,15.264337522473747,5
0.5,entropy,best,6.0,0.03441682600382409,15.264337522473747,5
0.5,entropy,best,7.0,0.03824091778202677,15.264337522473747,5
0.5,entropy,best,8.0,0.04206500956022945,15.264337522473747,5
0.5,entropy,best,9.0,0.03824091778202677,15.264337522473747,5
0.5,entropy,best,10.0,0.03824091778202677,15.264337522473747,5
0.5,entropy,best,11.0,0.03824091778202677,15.264337522473747,5
0.5,entropy,best,12.0,0.03824091778202677,15.264337522473747,5
0.5,entropy,best,13.0,0.03824091778202677,15.264337522473747,5
0.5,entropy,best,14.0,0.03824091778202677,15.264337522473747,5
0.5,entropy,best,15.0,0.03824091778202677,15.264337522473747,5
0.5,entropy,best,16.0,0.03824091778202677,15.264337522473747,5
0.5,entropy,best,17.0,0.03824091778202677,15.264337522473747,5
0.5,entropy,best,18.0,0.03824091778202677,15.264337522473747,5
0.5,entropy,best,19.0,0.03824091778202677,15.264337522473747,5
0.5,entropy,best,20.0,0.03824091778202677,15.264337522473747,5
0.5,entropy,best,21.0,0.03824091778202677,15.264337522473747,5
0.5,entropy,best,22.0,0.03824091778202677,15.264337522473747,5
0.5,entropy,best,23.0,0.03824091778202677,15.297058540778355,5
0.5,entropy,best,24.0,0.03824091778202677,15.297058540778355,5
0.5,entropy,best,25.0,0.03824091778202677,15.297058540778355,5
0.5,entropy,best,26.0,0.03824091778202677,15.297058540778355,5
0.5,entropy,best,27.0,0.03824091778202677,15.297058540778355,5
0.5,entropy,best,28.0,0.03824091778202677,15.297058540778355,5
0.5,entropy,best,29.0,0.03824091778202677,15.297058540778355,5
0.5,entropy,best,30.0,0.03824091778202677,15.297058540778355,5
0.5,entropy,best,31.0,0.03824091778202677,15.297058540778355,5
0.5,entropy,best,32.0,0.03824091778202677,15.297058540778355,5
0.5,entropy,best,33.0,0.03824091778202677,15.297058540778355,5
0.5,entropy,best,34.0,0.03824091778202677,15.297058540778355,5
0.5,entropy,best,35.0,0.03824091778202677,15.297058540778355,5
0.5,entropy,random,5.0,0.030592734225621414,15.297058540778355,5
0.5,entropy,random,6.0,0.040152963671128104,15.297058540778355,5
0.5,entropy,random,7.0,0.032504780114722756,15.297058540778355,5
0.5,entropy,random,8.0,0.03441682600382409,15.297058540778355,5
0.5,entropy,random,9.0,0.036328871892925434,15.297058540778355,5
0.5,entropy,random,10.0,0.03441682600382409,15.297058540778355,5
0.5,entropy,random,11.0,0.032504780114722756,15.297058540778355,5
0.5,entropy,random,12.0,0.032504780114722756,15.297058540778355,5
0.5,entropy,random,13.0,0.032504780114722756,15.297058540778355,5
0.5,entropy,random,14.0,0.032504780114722756,15.297058540778355,5
0.5,entropy,random,15.0,0.032504780114722756,15.297058540778355,5
0.5,entropy,random,16.0,0.032504780114722756,15.297058540778355,5
0.5,entropy,random,17.0,0.032504780114722756,15.297058540778355,5
0.5,entropy,random,18.0,0.032504780114722756,15.297058540778355,5
0.5,entropy,random,19.0,0.032504780114722756,15.297058540778355,5
0.5,entropy,random,20.0,0.032504780114722756,15.297058540778355,5
0.5,entropy,random,21.0,0.032504780114722756,15.297058540778355,5
0.5,entropy,random,22.0,0.032504780114722756,15.297058540778355,5
0.5,entropy,random,23.0,0.032504780114722756,15.297058540778355,5
0.5,entropy,random,24.0,0.032504780114722756,15.297058540778355,5
0.5,entropy,random,25.0,0.032504780114722756,15.297058540778355,5
0.5,entropy,random,26.0,0.032504780114722756,15.297058540778355,5
0.5,entropy,random,27.0,0.032504780114722756,15.297058540778355,5
0.5,entropy,random,28.0,0.032504780114722756,15.297058540778355,5
0.5,entropy,random,29.0,0.032504780114722756,15.297058540778355,5
0.5,entropy,random,30.0,0.032504780114722756,15.297058540778355,5
0.5,entropy,random,31.0,0.032504780114722756,15.297058540778355,5
0.5,entropy,random,32.0,0.032504780114722756,15.297058540778355,5
0.5,entropy,random,33.0,0.032504780114722756,15.297058540778355,5
0.5,entropy,random,34.0,0.032504780114722756,15.297058540778355,5
0.5,entropy,random,35.0,0.032504780114722756,15.297058540778355,5
0.6,gini,best,5.0,0.03503184713375796,15.297058540778355,5
0.6,gini,best,6.0,0.03662420382165605,15.297058540778355,5
0.6,gini,best,7.0,0.03980891719745223,15.297058540778355,5
0.6,gini,best,8.0,0.03821656050955414,15.297058540778355,5
0.6,gini,best,9.0,0.044585987261146494,15.297058540778355,5
0.6,gini,best,10.0,0.044585987261146494,15.297058540778355,5
0.6,gini,best,11.0,0.042993630573248405,15.297058540778355,5
0.6,gini,best,12.0,0.03821656050955414,15.264337522473747,5
0.6,gini,best,13.0,0.03821656050955414,15.264337522473747,5
0.6,gini,best,14.0,0.03980891719745223,15.264337522473747,5
0.6,gini,best,15.0,0.03980891719745223,15.264337522473747,5
0.6,gini,best,16.0,0.03821656050955414,15.264337522473747,5
0.6,gini,best,17.0,0.03821656050955414,15.264337522473747,5
0.6,gini,best,18.0,0.03821656050955414,15.264337522473747,5
0.6,gini,best,19.0,0.03821656050955414,15.264337522473747,5
0.6,gini,best,20.0,0.03821656050955414,15.264337522473747,5
0.6,gini,best,21.0,0.03821656050955414,15.264337522473747,5
0.6,gini,best,22.0,0.03821656050955414,15.264337522473747,5
0.6,gini,best,23.0,0.03821656050955414,15.264337522473747,5
0.6,gini,best,24.0,0.03821656050955414,15.264337522473747,5
0.6,gini,best,25.0,0.03821656050955414,15.264337522473747,5
0.6,gini,best,26.0,0.03821656050955414,15.264337522473747,5
0.6,gini,best,27.0,0.03821656050955414,15.264337522473747,5
0.6,gini,best,28.0,0.03821656050955414,15.264337522473747,5
0.6,gini,best,29.0,0.03821656050955414,15.264337522473747,5
0.6,gini,best,30.0,0.03821656050955414,15.264337522473747,5
0.6,gini,best,31.0,0.03821656050955414,15.264337522473747,5
0.6,gini,best,32.0,0.03821656050955414,15.264337522473747,5
0.6,gini,best,33.0,0.03821656050955414,15.264337522473747,5
0.6,gini,best,34.0,0.03821656050955414,15.264337522473747,5
0.6,gini,best,35.0,0.03821656050955414,15.264337522473747,5
0.6,gini,random,5.0,0.025477707006369428,15.264337522473747,5
0.6,gini,random,6.0,0.03980891719745223,15.264337522473747,5
0.6,gini,random,7.0,0.03343949044585987,15.264337522473747,5
0.6,gini,random,8.0,0.04617834394904458,15.264337522473747,5
0.6,gini,random,9.0,0.03821656050955414,15.264337522473747,5
0.6,gini,random,10.0,0.03980891719745223,15.264337522473747,5
0.6,gini,random,11.0,0.03980891719745223,15.264337522473747,5
0.6,gini,random,12.0,0.03980891719745223,15.264337522473747,5
0.6,gini,random,13.0,0.03980891719745223,15.264337522473747,5
0.6,gini,random,14.0,0.03980891719745223,15.264337522473747,5
0.6,gini,random,15.0,0.03980891719745223,15.264337522473747,5
0.6,gini,random,16.0,0.03980891719745223,15.264337522473747,5
0.6,gini,random,17.0,0.03980891719745223,15.264337522473747,5
0.6,gini,random,18.0,0.03980891719745223,15.264337522473747,5
0.6,gini,random,19.0,0.03980891719745223,15.264337522473747,5
0.6,gini,random,20.0,0.03980891719745223,15.264337522473747,5
0.6,gini,random,21.0,0.03980891719745223,15.231546211727817,5
0.6,gini,random,22.0,0.03980891719745223,15.231546211727817,5
0.6,gini,random,23.0,0.03980891719745223,15.231546211727817,5
0.6,gini,random,24.0,0.03980891719745223,15.231546211727817,5
0.6,gini,random,25.0,0.03980891719745223,15.231546211727817,5
0.6,gini,random,26.0,0.03980891719745223,15.231546211727817,5
0.6,gini,random,27.0,0.03980891719745223,15.231546211727817,5
0.6,gini,random,28.0,0.03980891719745223,15.231546211727817,5
0.6,gini,random,29.0,0.03980891719745223,15.231546211727817,5
0.6,gini,random,30.0,0.03980891719745223,15.231546211727817,5
0.6,gini,random,31.0,0.03980891719745223,15.231546211727817,5
0.6,gini,random,32.0,0.03980891719745223,15.231546211727817,5
0.6,gini,random,33.0,0.03980891719745223,15.231546211727817,5
0.6,gini,random,34.0,0.03980891719745223,15.231546211727817,5
0.6,gini,random,35.0,0.03980891719745223,15.231546211727817,5
0.6,entropy,best,5.0,0.03662420382165605,15.231546211727817,5
0.6,entropy,best,6.0,0.03821656050955414,15.231546211727817,5
0.6,entropy,best,7.0,0.04617834394904458,15.231546211727817,5
0.6,entropy,best,8.0,0.03980891719745223,15.231546211727817,5
0.6,entropy,best,9.0,0.041401273885350316,15.231546211727817,5
0.6,entropy,best,10.0,0.041401273885350316,15.231546211727817,5
0.6,entropy,best,11.0,0.041401273885350316,15.231546211727817,5
0.6,entropy,best,12.0,0.041401273885350316,15.231546211727817,5
0.6,entropy,best,13.0,0.041401273885350316,15.231546211727817,5
0.6,entropy,best,14.0,0.041401273885350316,15.231546211727817,5
0.6,entropy,best,15.0,0.041401273885350316,15.231546211727817,5
0.6,entropy,best,16.0,0.041401273885350316,15.231546211727817,5
0.6,entropy,best,17.0,0.041401273885350316,15.231546211727817,5
0.6,entropy,best,18.0,0.041401273885350316,15.231546211727817,5
0.6,entropy,best,19.0,0.041401273885350316,15.231546211727817,5
0.6,entropy,best,20.0,0.041401273885350316,15.231546211727817,5
0.6,entropy,best,21.0,0.041401273885350316,15.231546211727817,5
0.6,entropy,best,22.0,0.041401273885350316,15.231546211727817,5
0.6,entropy,best,23.0,0.041401273885350316,15.231546211727817,5
0.6,entropy,best,24.0,0.041401273885350316,15.231546211727817,5
0.6,entropy,best,25.0,0.041401273885350316,15.231546211727817,5
0.6,entropy,best,26.0,0.041401273885350316,15.231546211727817,5
0.6,entropy,best,27.0,0.041401273885350316,15.231546211727817,5
0.6,entropy,best,28.0,0.041401273885350316,15.231546211727817,5
0.6,entropy,best,29.0,0.041401273885350316,15.231546211727817,5
0.6,entropy,best,30.0,0.041401273885350316,15.231546211727817,5
0.6,entropy,best,31.0,0.041401273885350316,15.264337522473747,5
0.6,entropy,best,32.0,0.041401273885350316,15.264337522473747,5
0.6,entropy,best,33.0,0.041401273885350316,15.264337522473747,5
0.6,entropy,best,34.0,0.041401273885350316,15.264337522473747,5
0.6,entropy,best,35.0,0.041401273885350316,15.264337522473747,5
0.6,entropy,random,5.0,0.03184713375796178,15.264337522473747,5
0.6,entropy,random,6.0,0.042993630573248405,15.264337522473747,5
0.6,entropy,random,7.0,0.042993630573248405,15.264337522473747,5
0.6,entropy,random,8.0,0.042993630573248405,15.264337522473747,5
0.6,entropy,random,9.0,0.03980891719745223,15.264337522473747,5
0.6,entropy,random,10.0,0.03980891719745223,15.264337522473747,5
0.6,entropy,random,11.0,0.03980891719745223,15.264337522473747,5
0.6,entropy,random,12.0,0.041401273885350316,15.264337522473747,5
0.6,entropy,random,13.0,0.041401273885350316,15.264337522473747,5
0.6,entropy,random,14.0,0.041401273885350316,15.264337522473747,5
0.6,entropy,random,15.0,0.041401273885350316,15.264337522473747,5
0.6,entropy,random,16.0,0.041401273885350316,15.264337522473747,5
0.6,entropy,random,17.0,0.041401273885350316,15.264337522473747,5
0.6,entropy,random,18.0,0.041401273885350316,15.264337522473747,5
0.6,entropy,random,19.0,0.041401273885350316,15.264337522473747,5
0.6,entropy,random,20.0,0.041401273885350316,15.264337522473747,5
0.6,entropy,random,21.0,0.041401273885350316,15.264337522473747,5
0.6,entropy,random,22.0,0.041401273885350316,15.264337522473747,5
0.6,entropy,random,23.0,0.041401273885350316,15.264337522473747,5
0.6,entropy,random,24.0,0.041401273885350316,15.264337522473747,5
0.6,entropy,random,25.0,0.041401273885350316,15.264337522473747,5
0.6,entropy,random,26.0,0.041401273885350316,15.264337522473747,5
0.6,entropy,random,27.0,0.041401273885350316,15.264337522473747,5
0.6,entropy,random,28.0,0.041401273885350316,15.264337522473747,5
0.6,entropy,random,29.0,0.041401273885350316,15.264337522473747,5
0.6,entropy,random,30.0,0.041401273885350316,15.264337522473747,5
0.6,entropy,random,31.0,0.041401273885350316,15.264337522473747,5
0.6,entropy,random,32.0,0.041401273885350316,15.264337522473747,5
0.6,entropy,random,33.0,0.041401273885350316,15.264337522473747,5
0.6,entropy,random,34.0,0.041401273885350316,15.264337522473747,5
0.6,entropy,random,35.0,0.041401273885350316,15.264337522473747,5
0.7000000000000001,gini,best,5.0,0.036834924965893585,15.264337522473747,5
0.7000000000000001,gini,best,6.0,0.03956343792633015,15.264337522473747,5
0.7000000000000001,gini,best,7.0,0.04365620736698499,15.264337522473747,5
0.7000000000000001,gini,best,8.0,0.040927694406548434,15.264337522473747,5
0.7000000000000001,gini,best,9.0,0.036834924965893585,15.264337522473747,5
0.7000000000000001,gini,best,10.0,0.03819918144611187,15.264337522473747,5
0.7000000000000001,gini,best,11.0,0.040927694406548434,15.264337522473747,5
0.7000000000000001,gini,best,12.0,0.040927694406548434,15.264337522473747,5
0.7000000000000001,gini,best,13.0,0.03547066848567531,15.264337522473747,5
0.7000000000000001,gini,best,14.0,0.03547066848567531,15.264337522473747,5
0.7000000000000001,gini,best,15.0,0.03819918144611187,15.264337522473747,5
0.7000000000000001,gini,best,16.0,0.036834924965893585,15.264337522473747,5
0.7000000000000001,gini,best,17.0,0.036834924965893585,15.264337522473747,5
0.7000000000000001,gini,best,18.0,0.036834924965893585,15.264337522473747,5
0.7000000000000001,gini,best,19.0,0.036834924965893585,15.264337522473747,5
0.7000000000000001,gini,best,20.0,0.036834924965893585,15.264337522473747,5
0.7000000000000001,gini,best,21.0,0.036834924965893585,15.264337522473747,5
0.7000000000000001,gini,best,22.0,0.036834924965893585,15.231546211727817,5
0.7000000000000001,gini,best,23.0,0.036834924965893585,15.231546211727817,5
0.7000000000000001,gini,best,24.0,0.036834924965893585,15.231546211727817,5
0.7000000000000001,gini,best,25.0,0.036834924965893585,15.231546211727817,5
0.7000000000000001,gini,best,26.0,0.036834924965893585,15.231546211727817,5
0.7000000000000001,gini,best,27.0,0.036834924965893585,15.231546211727817,5
0.7000000000000001,gini,best,28.0,0.036834924965893585,15.231546211727817,5
0.7000000000000001,gini,best,29.0,0.036834924965893585,15.231546211727817,5
0.7000000000000001,gini,best,30.0,0.036834924965893585,15.231546211727817,5
0.7000000000000001,gini,best,31.0,0.036834924965893585,15.231546211727817,5
0.7000000000000001,gini,best,32.0,0.036834924965893585,15.231546211727817,5
0.7000000000000001,gini,best,33.0,0.036834924965893585,15.231546211727817,5
0.7000000000000001,gini,best,34.0,0.036834924965893585,15.231546211727817,5
0.7000000000000001,gini,best,35.0,0.036834924965893585,15.231546211727817,5
0.7000000000000001,gini,random,5.0,0.036834924965893585,15.231546211727817,5
0.7000000000000001,gini,random,6.0,0.036834924965893585,15.231546211727817,5
0.7000000000000001,gini,random,7.0,0.03137789904502047,15.231546211727817,5
0.7000000000000001,gini,random,8.0,0.03137789904502047,15.231546211727817,5
0.7000000000000001,gini,random,9.0,0.03956343792633015,15.231546211727817,5
0.7000000000000001,gini,random,10.0,0.040927694406548434,15.231546211727817,5
0.7000000000000001,gini,random,11.0,0.03819918144611187,15.231546211727817,5
0.7000000000000001,gini,random,12.0,0.03819918144611187,15.231546211727817,5
0.7000000000000001,gini,random,13.0,0.03819918144611187,15.231546211727817,5
0.7000000000000001,gini,random,14.0,0.03819918144611187,15.198684153570664,5
0.7000000000000001,gini,random,15.0,0.03819918144611187,15.198684153570664,5
0.7000000000000001,gini,random,16.0,0.03819918144611187,15.198684153570664,5
0.7000000000000001,gini,random,17.0,0.03819918144611187,15.198684153570664,5
0.7000000000000001,gini,random,18.0,0.03819918144611187,15.198684153570664,5
0.7000000000000001,gini,random,19.0,0.03819918144611187,15.198684153570664,5
0.7000000000000001,gini,random,20.0,0.03819918144611187,15.198684153570664,5
0.7000000000000001,gini,random,21.0,0.03819918144611187,15.198684153570664,5
0.7000000000000001,gini,random,22.0,0.03819918144611187,15.198684153570664,5
0.7000000000000001,gini,random,23.0,0.03819918144611187,15.198684153570664,5
0.7000000000000001,gini,random,24.0,0.03819918144611187,15.198684153570664,5
0.7000000000000001,gini,random,25.0,0.03819918144611187,15.198684153570664,5
0.7000000000000001,gini,random,26.0,0.03819918144611187,15.198684153570664,5
0.7000000000000001,gini,random,27.0,0.03819918144611187,15.198684153570664,5
0.7000000000000001,gini,random,28.0,0.03819918144611187,15.198684153570664,5
0.7000000000000001,gini,random,29.0,0.03819918144611187,15.198684153570664,5
0.7000000000000001,gini,random,30.0,0.03819918144611187,15.198684153570664,5
0.7000000000000001,gini,random,31.0,0.03819918144611187,15.198684153570664,5
0.7000000000000001,gini,random,32.0,0.03819918144611187,15.198684153570664,5
0.7000000000000001,gini,random,33.0,0.03819918144611187,15.198684153570664,5
0.7000000000000001,gini,random,34.0,0.03819918144611187,15.198684153570664,5
0.7000000000000001,gini,random,35.0,0.03819918144611187,15.198684153570664,5
0.7000000000000001,entropy,best,5.0,0.03956343792633015,15.198684153570664,5
0.7000000000000001,entropy,best,6.0,0.03956343792633015,15.198684153570664,5
0.7000000000000001,entropy,best,7.0,0.034106412005457026,15.198684153570664,5
0.7000000000000001,entropy,best,8.0,0.03547066848567531,15.198684153570664,5
0.7000000000000001,entropy,best,9.0,0.03547066848567531,15.198684153570664,5
0.7000000000000001,entropy,best,10.0,0.036834924965893585,15.198684153570664,5
0.7000000000000001,entropy,best,11.0,0.036834924965893585,15.198684153570664,5
0.7000000000000001,entropy,best,12.0,0.036834924965893585,15.198684153570664,5
0.7000000000000001,entropy,best,13.0,0.036834924965893585,15.198684153570664,5
0.7000000000000001,entropy,best,14.0,0.036834924965893585,15.198684153570664,5
0.7000000000000001,entropy,best,15.0,0.036834924965893585,15.198684153570664,5
0.7000000000000001,entropy,best,16.0,0.036834924965893585,15.198684153570664,5
0.7000000000000001,entropy,best,17.0,0.036834924965893585,15.198684153570664,5
0.7000000000000001,entropy,best,18.0,0.036834924965893585,15.198684153570664,5
0.7000000000000001,entropy,best,19.0,0.036834924965893585,15.198684153570664,5
0.7000000000000001,entropy,best,20.0,0.036834924965893585,15.198684153570664,5
0.7000000000000001,entropy,best,21.0,0.036834924965893585,15.198684153570664,5
0.7000000000000001,entropy,best,22.0,0.036834924965893585,15.198684153570664,5
0.7000000000000001,entropy,best,23.0,0.036834924965893585,15.198684153570664,5
0.7000000000000001,entropy,best,24.0,0.036834924965893585,15.198684153570664,5
0.7000000000000001,entropy,best,25.0,0.036834924965893585,15.198684153570664,5
0.7000000000000001,entropy,best,26.0,0.036834924965893585,15.198684153570664,5
0.7000000000000001,entropy,best,27.0,0.036834924965893585,15.198684153570664,5
0.7000000000000001,entropy,best,28.0,0.036834924965893585,15.198684153570664,5
0.7000000000000001,entropy,best,29.0,0.036834924965893585,15.198684153570664,5
0.7000000000000001,entropy,best,30.0,0.036834924965893585,15.198684153570664,5
0.7000000000000001,entropy,best,31.0,0.036834924965893585,15.198684153570664,5
0.7000000000000001,entropy,best,32.0,0.036834924965893585,15.198684153570664,5
0.7000000000000001,entropy,best,33.0,0.036834924965893585,15.198684153570664,5
0.7000000000000001,entropy,best,34.0,0.036834924965893585,15.198684153570664,5
0.7000000000000001,entropy,best,35.0,0.036834924965893585,15.198684153570664,5
0.7000000000000001,entropy,random,5.0,0.036834924965893585,15.165750888103101,5
0.7000000000000001,entropy,random,6.0,0.04229195088676671,15.165750888103101,5
0.7000000000000001,entropy,random,7.0,0.03819918144611187,15.165750888103101,5
0.7000000000000001,entropy,random,8.0,0.03819918144611187,15.165750888103101,5
0.7000000000000001,entropy,random,9.0,0.036834924965893585,15.165750888103101,5
0.7000000000000001,entropy,random,10.0,0.03547066848567531,15.165750888103101,5
0.7000000000000001,entropy,random,11.0,0.036834924965893585,15.165750888103101,5
0.7000000000000001,entropy,random,12.0,0.036834924965893585,15.165750888103101,5
0.7000000000000001,entropy,random,13.0,0.036834924965893585,15.165750888103101,5
0.7000000000000001,entropy,random,14.0,0.036834924965893585,15.165750888103101,5
0.7000000000000001,entropy,random,15.0,0.036834924965893585,15.165750888103101,5
0.7000000000000001,entropy,random,16.0,0.036834924965893585,15.165750888103101,5
0.7000000000000001,entropy,random,17.0,0.036834924965893585,15.165750888103101,5
0.7000000000000001,entropy,random,18.0,0.036834924965893585,15.165750888103101,5
0.7000000000000001,entropy,random,19.0,0.036834924965893585,15.165750888103101,5
0.7000000000000001,entropy,random,20.0,0.036834924965893585,15.165750888103101,5
0.7000000000000001,entropy,random,21.0,0.036834924965893585,15.165750888103101,5
0.7000000000000001,entropy,random,22.0,0.036834924965893585,15.165750888103101,5
0.7000000000000001,entropy,random,23.0,0.036834924965893585,15.165750888103101,5
0.7000000000000001,entropy,random,24.0,0.036834924965893585,15.165750888103101,5
0.7000000000000001,entropy,random,25.0,0.036834924965893585,15.165750888103101,5
0.7000000000000001,entropy,random,26.0,0.036834924965893585,15.165750888103101,5
0.7000000000000001,entropy,random,27.0,0.036834924965893585,15.165750888103101,5
0.7000000000000001,entropy,random,28.0,0.036834924965893585,15.165750888103101,5
0.7000000000000001,entropy,random,29.0,0.036834924965893585,15.165750888103101,5
0.7000000000000001,entropy,random,30.0,0.036834924965893585,15.165750888103101,5
0.7000000000000001,entropy,random,31.0,0.036834924965893585,15.165750888103101,5
0.7000000000000001,entropy,random,32.0,0.036834924965893585,15.165750888103101,5
0.7000000000000001,entropy,random,33.0,0.036834924965893585,15.165750888103101,5
0.7000000000000001,entropy,random,34.0,0.036834924965893585,15.165750888103101,5
0.7000000000000001,entropy,random,35.0,0.036834924965893585,15.165750888103101,5
0.8,gini,best,5.0,0.043010752688172046,15.165750888103101,5
0.8,gini,best,6.0,0.043010752688172046,15.165750888103101,5
0.8,gini,best,7.0,0.03345280764635603,15.165750888103101,5
0.8,gini,best,8.0,0.03225806451612903,15.165750888103101,5
0.8,gini,best,9.0,0.03464755077658303,15.165750888103101,5
0.8,gini,best,10.0,0.035842293906810034,15.165750888103101,5
0.8,gini,best,11.0,0.035842293906810034,15.165750888103101,5
0.8,gini,best,12.0,0.037037037037037035,15.165750888103101,5
0.8,gini,best,13.0,0.038231780167264036,15.165750888103101,5
0.8,gini,best,14.0,0.038231780167264036,15.165750888103101,5
0.8,gini,best,15.0,0.038231780167264036,15.165750888103101,5
0.8,gini,best,16.0,0.038231780167264036,15.165750888103101,5
0.8,gini,best,17.0,0.038231780167264036,15.165750888103101,5
0.8,gini,best,18.0,0.038231780167264036,15.165750888103101,5
0.8,gini,best,19.0,0.038231780167264036,15.165750888103101,5
0.8,gini,best,20.0,0.038231780167264036,15.165750888103101,5
0.8,gini,best,21.0,0.038231780167264036,15.165750888103101,5
0.8,gini,best,22.0,0.038231780167264036,15.165750888103101,5
0.8,gini,best,23.0,0.038231780167264036,15.165750888103101,5
0.8,gini,best,24.0,0.038231780167264036,15.165750888103101,5
0.8,gini,best,25.0,0.038231780167264036,15.165750888103101,5
0.8,gini,best,26.0,0.038231780167264036,15.165750888103101,5
0.8,gini,best,27.0,0.038231780167264036,15.165750888103101,5
0.8,gini,best,28.0,0.038231780167264036,15.165750888103101,5
0.8,gini,best,29.0,0.038231780167264036,15.165750888103101,5
0.8,gini,best,30.0,0.038231780167264036,15.132745950421556,5
0.8,gini,best,31.0,0.038231780167264036,15.132745950421556,5
0.8,gini,best,32.0,0.038231780167264036,15.132745950421556,5
0.8,gini,best,33.0,0.038231780167264036,15.132745950421556,5
0.8,gini,best,34.0,0.038231780167264036,15.132745950421556,5
0.8,gini,best,35.0,0.038231780167264036,15.132745950421556,5
0.8,gini,random,5.0,0.038231780167264036,15.132745950421556,5
0.8,gini,random,6.0,0.037037037037037035,15.165750888103101,5
0.8,gini,random,7.0,0.03942652329749104,15.165750888103101,5
0.8,gini,random,8.0,0.035842293906810034,15.165750888103101,5
0.8,gini,random,9.0,0.03464755077658303,15.165750888103101,5
0.8,gini,random,10.0,0.035842293906810034,15.165750888103101,5
0.8,gini,random,11.0,0.038231780167264036,15.165750888103101,5
0.8,gini,random,12.0,0.038231780167264036,15.165750888103101,5
0.8,gini,random,13.0,0.037037037037037035,15.165750888103101,5
0.8,gini,random,14.0,0.03942652329749104,15.165750888103101,5
0.8,gini,random,15.0,0.038231780167264036,15.165750888103101,5
0.8,gini,random,16.0,0.038231780167264036,15.165750888103101,5
0.8,gini,random,17.0,0.038231780167264036,15.165750888103101,5
0.8,gini,random,18.0,0.038231780167264036,15.165750888103101,5
0.8,gini,random,19.0,0.038231780167264036,15.165750888103101,5
0.8,gini,random,20.0,0.038231780167264036,15.165750888103101,5
0.8,gini,random,21.0,0.038231780167264036,15.165750888103101,5
0.8,gini,random,22.0,0.038231780167264036,15.165750888103101,5
0.8,gini,random,23.0,0.038231780167264036,15.165750888103101,5
0.8,gini,random,24.0,0.038231780167264036,15.165750888103101,5
0.8,gini,random,25.0,0.038231780167264036,15.165750888103101,5
0.8,gini,random,26.0,0.038231780167264036,15.165750888103101,5
0.8,gini,random,27.0,0.038231780167264036,15.165750888103101,5
0.8,gini,random,28.0,0.038231780167264036,15.165750888103101,5
0.8,gini,random,29.0,0.038231780167264036,15.165750888103101,5
0.8,gini,random,30.0,0.038231780167264036,15.165750888103101,5
0.8,gini,random,31.0,0.038231780167264036,15.165750888103101,5
0.8,gini,random,32.0,0.038231780167264036,15.165750888103101,5
0.8,gini,random,33.0,0.038231780167264036,15.165750888103101,5
0.8,gini,random,34.0,0.038231780167264036,15.165750888103101,5
0.8,gini,random,35.0,0.038231780167264036,15.165750888103101,5
0.8,entropy,best,5.0,0.038231780167264036,15.165750888103101,5
0.8,entropy,best,6.0,0.03464755077658303,15.165750888103101,5
0.8,entropy,best,7.0,0.035842293906810034,15.165750888103101,5
0.8,entropy,best,8.0,0.038231780167264036,15.165750888103101,5
0.8,entropy,best,9.0,0.038231780167264036,15.165750888103101,5
0.8,entropy,best,10.0,0.038231780167264036,15.165750888103101,5
0.8,entropy,best,11.0,0.038231780167264036,15.165750888103101,5
0.8,entropy,best,12.0,0.038231780167264036,15.132745950421556,5
0.8,entropy,best,13.0,0.038231780167264036,15.132745950421556,5
0.8,entropy,best,14.0,0.038231780167264036,15.132745950421556,5
0.8,entropy,best,15.0,0.038231780167264036,15.132745950421556,5
0.8,entropy,best,16.0,0.038231780167264036,15.132745950421556,5
0.8,entropy,best,17.0,0.038231780167264036,15.132745950421556,5
0.8,entropy,best,18.0,0.038231780167264036,15.132745950421556,5
0.8,entropy,best,19.0,0.038231780167264036,15.132745950421556,5
0.8,entropy,best,20.0,0.038231780167264036,15.132745950421556,5
0.8,entropy,best,21.0,0.038231780167264036,15.132745950421556,5
0.8,entropy,best,22.0,0.038231780167264036,15.132745950421556,5
0.8,entropy,best,23.0,0.038231780167264036,15.132745950421556,5
0.8,entropy,best,24.0,0.038231780167264036,15.132745950421556,5
0.8,entropy,best,25.0,0.038231780167264036,15.132745950421556,5
0.8,entropy,best,26.0,0.038231780167264036,15.132745950421556,5
0.8,entropy,best,27.0,0.038231780167264036,15.132745950421556,5
0.8,entropy,best,28.0,0.038231780167264036,15.132745950421556,5
0.8,entropy,best,29.0,0.038231780167264036,15.132745950421556,5
0.8,entropy,best,30.0,0.038231780167264036,15.132745950421556,5
0.8,entropy,best,31.0,0.038231780167264036,15.132745950421556,5
0.8,entropy,best,32.0,0.038231780167264036,15.132745950421556,5
0.8,entropy,best,33.0,0.038231780167264036,15.132745950421556,5
0.8,entropy,best,34.0,0.038231780167264036,15.132745950421556,5
0.8,entropy,best,35.0,0.038231780167264036,15.132745950421556,5
0.8,entropy,random,5.0,0.035842293906810034,15.132745950421556,5
0.8,entropy,random,6.0,0.035842293906810034,15.132745950421556,5
0.8,entropy,random,7.0,0.038231780167264036,15.132745950421556,5
0.8,entropy,random,8.0,0.037037037037037035,15.132745950421556,5
0.8,entropy,random,9.0,0.037037037037037035,15.132745950421556,5
0.8,entropy,random,10.0,0.037037037037037035,15.132745950421556,5
0.8,entropy,random,11.0,0.037037037037037035,15.132745950421556,5
0.8,entropy,random,12.0,0.035842293906810034,15.132745950421556,5
0.8,entropy,random,13.0,0.035842293906810034,15.132745950421556,5
0.8,entropy,random,14.0,0.035842293906810034,15.132745950421556,5
0.8,entropy,random,15.0,0.035842293906810034,15.132745950421556,5
0.8,entropy,random,16.0,0.035842293906810034,15.132745950421556,5
0.8,entropy,random,17.0,0.035842293906810034,15.132745950421556,5
0.8,entropy,random,18.0,0.035842293906810034,15.132745950421556,5
0.8,entropy,random,19.0,0.035842293906810034,15.132745950421556,5
0.8,entropy,random,20.0,0.035842293906810034,15.132745950421556,5
0.8,entropy,random,21.0,0.035842293906810034,15.132745950421556,5
0.8,entropy,random,22.0,0.035842293906810034,15.132745950421556,5
0.8,entropy,random,23.0,0.035842293906810034,15.132745950421556,5
0.8,entropy,random,24.0,0.035842293906810034,15.132745950421556,5
0.8,entropy,random,25.0,0.035842293906810034,15.132745950421556,5
0.8,entropy,random,26.0,0.035842293906810034,15.132745950421556,5
0.8,entropy,random,27.0,0.035842293906810034,15.132745950421556,5
0.8,entropy,random,28.0,0.035842293906810034,15.132745950421556,5
0.8,entropy,random,29.0,0.035842293906810034,15.132745950421556,5
0.8,entropy,random,30.0,0.035842293906810034,15.132745950421556,5
0.8,entropy,random,31.0,0.035842293906810034,15.132745950421556,5
0.8,entropy,random,32.0,0.035842293906810034,15.132745950421556,5
0.8,entropy,random,33.0,0.035842293906810034,15.132745950421556,5
0.8,entropy,random,34.0,0.035842293906810034,15.132745950421556,5
0.8,entropy,random,35.0,0.035842293906810034,15.132745950421556,5
0.9,gini,best,5.0,0.04246284501061571,15.132745950421556,5
0.9,gini,best,6.0,0.04246284501061571,15.132745950421556,5
0.9,gini,best,7.0,0.04246284501061571,15.132745950421556,5
0.9,gini,best,8.0,0.04246284501061571,15.132745950421556,5
0.9,gini,best,9.0,0.04246284501061571,15.132745950421556,5
0.9,gini,best,10.0,0.04246284501061571,15.132745950421556,5
0.9,gini,best,11.0,0.04246284501061571,15.132745950421556,5
0.9,gini,best,12.0,0.0435244161358811,15.132745950421556,5
0.9,gini,best,13.0,0.044585987261146494,15.132745950421556,5
0.9,gini,best,14.0,0.0435244161358811,15.132745950421556,5
0.9,gini,best,15.0,0.0435244161358811,15.132745950421556,5
0.9,gini,best,16.0,0.0435244161358811,15.132745950421556,5
0.9,gini,best,17.0,0.0435244161358811,15.132745950421556,5
0.9,gini,best,18.0,0.0435244161358811,15.132745950421556,5
0.9,gini,best,19.0,0.0435244161358811,15.132745950421556,5
0.9,gini,best,20.0,0.0435244161358811,15.132745950421556,5
0.9,gini,best,21.0,0.0435244161358811,15.132745950421556,5
0.9,gini,best,22.0,0.0435244161358811,15.132745950421556,5
0.9,gini,best,23.0,0.0435244161358811,15.132745950421556,5
0.9,gini,best,24.0,0.0435244161358811,15.132745950421556,5
0.9,gini,best,25.0,0.0435244161358811,15.165750888103101,5
0.9,gini,best,26.0,0.0435244161358811,15.165750888103101,5
0.9,gini,best,27.0,0.0435244161358811,15.165750888103101,5
0.9,gini,best,28.0,0.0435244161358811,15.165750888103101,5
0.9,gini,best,29.0,0.0435244161358811,15.165750888103101,5
0.9,gini,best,30.0,0.0435244161358811,15.165750888103101,5
0.9,gini,best,31.0,0.0435244161358811,15.165750888103101,5
0.9,gini,best,32.0,0.0435244161358811,15.165750888103101,5
0.9,gini,best,33.0,0.0435244161358811,15.165750888103101,5
0.9,gini,best,34.0,0.0435244161358811,15.165750888103101,5
0.9,gini,best,35.0,0.0435244161358811,15.165750888103101,5
0.9,gini,random,5.0,0.0435244161358811,15.165750888103101,5
0.9,gini,random,6.0,0.044585987261146494,15.165750888103101,5
0.9,gini,random,7.0,0.04246284501061571,15.165750888103101,5
0.9,gini,random,8.0,0.0435244161358811,15.165750888103101,5
0.9,gini,random,9.0,0.045647558386411886,15.165750888103101,5
0.9,gini,random,10.0,0.044585987261146494,15.165750888103101,5
0.9,gini,random,11.0,0.045647558386411886,15.165750888103101,5
0.9,gini,random,12.0,0.045647558386411886,15.165750888103101,5
0.9,gini,random,13.0,0.045647558386411886,15.165750888103101,5
0.9,gini,random,14.0,0.045647558386411886,15.165750888103101,5
0.9,gini,random,15.0,0.045647558386411886,15.165750888103101,5
0.9,gini,random,16.0,0.045647558386411886,15.165750888103101,5
0.9,gini,random,17.0,0.045647558386411886,15.165750888103101,5
0.9,gini,random,18.0,0.045647558386411886,15.165750888103101,5
0.9,gini,random,19.0,0.045647558386411886,15.165750888103101,5
0.9,gini,random,20.0,0.045647558386411886,15.165750888103101,5
0.9,gini,random,21.0,0.045647558386411886,15.165750888103101,5
0.9,gini,random,22.0,0.045647558386411886,15.165750888103101,5
0.9,gini,random,23.0,0.045647558386411886,15.165750888103101,5
0.9,gini,random,24.0,0.045647558386411886,15.165750888103101,5
0.9,gini,random,25.0,0.045647558386411886,15.165750888103101,5
0.9,gini,random,26.0,0.045647558386411886,15.165750888103101,5
0.9,gini,random,27.0,0.045647558386411886,15.165750888103101,5
0.9,gini,random,28.0,0.045647558386411886,15.165750888103101,5
0.9,gini,random,29.0,0.045647558386411886,15.198684153570664,5
0.9,gini,random,30.0,0.045647558386411886,15.198684153570664,5
0.9,gini,random,31.0,0.045647558386411886,15.198684153570664,5
0.9,gini,random,32.0,0.045647558386411886,15.198684153570664,5
0.9,gini,random,33.0,0.045647558386411886,15.198684153570664,5
0.9,gini,random,34.0,0.045647558386411886,15.198684153570664,5
0.9,gini,random,35.0,0.045647558386411886,15.198684153570664,5
0.9,entropy,best,5.0,0.03821656050955414,15.198684153570664,5
0.9,entropy,best,6.0,0.04246284501061571,15.198684153570664,5
0.9,entropy,best,7.0,0.04246284501061571,15.198684153570664,5
0.9,entropy,best,8.0,0.04246284501061571,15.198684153570664,5
0.9,entropy,best,9.0,0.04246284501061571,15.198684153570664,5
0.9,entropy,best,10.0,0.04246284501061571,15.198684153570664,5
0.9,entropy,best,11.0,0.04246284501061571,15.198684153570664,5
0.9,entropy,best,12.0,0.04246284501061571,15.198684153570664,5
0.9,entropy,best,13.0,0.04246284501061571,15.198684153570664,5
0.9,entropy,best,14.0,0.04246284501061571,15.198684153570664,5
0.9,entropy,best,15.0,0.04246284501061571,15.198684153570664,5
0.9,entropy,best,16.0,0.04246284501061571,15.198684153570664,5
0.9,entropy,best,17.0,0.04246284501061571,15.198684153570664,5
0.9,entropy,best,18.0,0.04246284501061571,15.198684153570664,5
0.9,entropy,best,19.0,0.04246284501061571,15.198684153570664,5
0.9,entropy,best,20.0,0.04246284501061571,15.198684153570664,5
0.9,entropy,best,21.0,0.04246284501061571,15.198684153570664,5
0.9,entropy,best,22.0,0.04246284501061571,15.198684153570664,5
0.9,entropy,best,23.0,0.04246284501061571,15.198684153570664,5
0.9,entropy,best,24.0,0.04246284501061571,15.198684153570664,5
0.9,entropy,best,25.0,0.04246284501061571,15.198684153570664,5
0.9,entropy,best,26.0,0.04246284501061571,15.198684153570664,5
0.9,entropy,best,27.0,0.04246284501061571,15.198684153570664,5
0.9,entropy,best,28.0,0.04246284501061571,15.198684153570664,5
0.9,entropy,best,29.0,0.04246284501061571,15.198684153570664,5
0.9,entropy,best,30.0,0.04246284501061571,15.165750888103101,5
0.9,entropy,best,31.0,0.04246284501061571,15.165750888103101,5
0.9,entropy,best,32.0,0.04246284501061571,15.165750888103101,5
0.9,entropy,best,33.0,0.04246284501061571,15.165750888103101,5
0.9,entropy,best,34.0,0.04246284501061571,15.165750888103101,5
0.9,entropy,best,35.0,0.04246284501061571,15.165750888103101,5
0.9,entropy,random,5.0,0.040339702760084924,15.198684153570664,5
0.9,entropy,random,6.0,0.04246284501061571,15.198684153570664,5
0.9,entropy,random,7.0,0.044585987261146494,15.198684153570664,5
0.9,entropy,random,8.0,0.041401273885350316,15.198684153570664,5
0.9,entropy,random,9.0,0.041401273885350316,15.198684153570664,5
0.9,entropy,random,10.0,0.041401273885350316,15.198684153570664,5
0.9,entropy,random,11.0,0.041401273885350316,15.165750888103101,5
0.9,entropy,random,12.0,0.041401273885350316,15.165750888103101,5
0.9,entropy,random,13.0,0.041401273885350316,15.165750888103101,5
0.9,entropy,random,14.0,0.041401273885350316,15.165750888103101,5
0.9,entropy,random,15.0,0.041401273885350316,15.165750888103101,5
0.9,entropy,random,16.0,0.041401273885350316,15.165750888103101,5
0.9,entropy,random,17.0,0.041401273885350316,15.165750888103101,5
0.9,entropy,random,18.0,0.041401273885350316,15.165750888103101,5
0.9,entropy,random,19.0,0.041401273885350316,15.165750888103101,5
0.9,entropy,random,20.0,0.041401273885350316,15.165750888103101,5
0.9,entropy,random,21.0,0.041401273885350316,15.165750888103101,5
0.9,entropy,random,22.0,0.041401273885350316,15.165750888103101,5
0.9,entropy,random,23.0,0.041401273885350316,15.165750888103101,5
0.9,entropy,random,24.0,0.041401273885350316,15.165750888103101,5
0.9,entropy,random,25.0,0.041401273885350316,15.165750888103101,5
0.9,entropy,random,26.0,0.041401273885350316,15.165750888103101,5
0.9,entropy,random,27.0,0.041401273885350316,15.165750888103101,5
0.9,entropy,random,28.0,0.041401273885350316,15.165750888103101,5
0.9,entropy,random,29.0,0.041401273885350316,15.165750888103101,5
0.9,entropy,random,30.0,0.041401273885350316,15.165750888103101,5
0.9,entropy,random,31.0,0.041401273885350316,15.165750888103101,5
0.9,entropy,random,32.0,0.041401273885350316,15.165750888103101,5
0.9,entropy,random,33.0,0.041401273885350316,15.165750888103101,5
0.9,entropy,random,34.0,0.041401273885350316,15.165750888103101,5
0.9,entropy,random,35.0,0.041401273885350316,15.165750888103101,5
